id,lat,lng,name,surrounding,district,township,x,y,tradenum
137,31.335645897432126,120.6374398660906,官渎花园,商务住宅,相城区,[],-1.3441936,-0.3624621,63086.0
417,31.34688934915329,120.61447212418129,公安轨交治安分局,政府机构及社会团体,相城区,[],-8.310214,16.387003,19192.0
3501,31.355461951015894,120.63760571195681,香城花园一区南门,科教文化服务,相城区,元和街道,-4.041554,4.655141,94624.0
3502,31.356793755632356,120.63481577153726,香城花园三期东门,商务住宅,相城区,元和街道,23.800043,9.602663,150599.0
3503,31.35440842495009,120.63073688730556,晨曦印象花园南门,科教文化服务,相城区,元和街道,17.362095,17.461765,94252.0
3504,31.35387017522996,120.62800996377314,润元菜场,商务住宅,相城区,元和街道,2.3230445,23.23027,77099.0
3505,31.35392107426993,120.62690799475962,香城花园四区南门,商务住宅,相城区,元和街道,25.068184,8.908493,113036.0
3506,31.372368621572537,120.62375621636936,相城人民医院,商务住宅,相城区,元和街道,5.976858,-13.581343,40934.0
3507,31.35305961619296,120.62111212943451,陆慕站9号口,商务住宅,相城区,元和街道,29.053772,25.297546,150885.0
3508,31.35258937475409,120.61231020799801,苏州市公安局,地名地址信息,相城区,元和街道,17.154673,47.518353,130784.0
3509,31.359750787232127,120.63560974252786,古巷二村南门,商务住宅,相城区,元和街道,24.308516,40.323597,65743.0
3510,31.35902043549797,120.63119987781788,晨曦馨苑北门,商务住宅,相城区,元和街道,32.142635,2.582321,92132.0
3511,31.35811001335844,120.62646002843216,欧风丽苑南门,商务住宅,相城区,元和街道,8.691926,27.82011,169151.0
3512,31.361421068899396,120.64255959102228,湖沁花园菜场,商务住宅,相城区,元和街道,33.40618,12.773496,117622.0
3513,31.36202395549091,120.63890265114763,中翔装饰城,商务住宅,相城区,元和街道,32.252163,8.632927,104022.0
3514,31.359359598880292,120.6211701894368,华美家园,商务住宅,相城区,元和街道,6.8815045,12.586355,111646.0
3515,31.376193724305512,120.65001348066198,天亚水景苑,政府机构及社会团体,相城区,开发区,26.91176,2.4883163,57575.0
3516,31.366703003299538,120.64254255924754,市民广场,政府机构及社会团体,相城区,元和街道,-0.49076888,32.094833,58883.0
3518,31.36438156025077,120.6333638102056,阳澄湖中路电信局,商务住宅,相城区,元和街道,11.409999,33.668514,112287.0
3519,31.36386022541285,120.62944995158259,阳澄湖中路城管局,政府机构及社会团体,相城区,元和街道,8.802534,16.12734,55631.0
3520,31.36357987326117,120.62541009664422,中环百货广场,商务住宅,相城区,元和街道,42.555252,18.996,189571.0
3521,31.362839499725066,120.61985025708508,陆幕桥东公交站,商务住宅,相城区,元和街道,13.926701,1.8605227,70137.0
3522,31.36223938883083,120.6113003579208,智海广场,商务住宅,相城区,元和街道,2.8530962,2.6567218,102820.0
3523,31.361720353153878,120.59607013435786,御苑家园北门,商务住宅,相城区,元和街道,-3.790557,3.1158006,71697.0
3526,31.36862696280805,120.64176156559198,相城区区政府,政府机构及社会团体,相城区,开发区,-42.63198,-5.5985627,15899.0
3527,31.367984973441402,120.6418265664258,发改局,政府机构及社会团体,相城区,开发区,-44.29339,-1.2083607,25296.0
3528,31.37032595965837,120.64473351489995,相城区审计局,政府机构及社会团体,相城区,开发区,-42.276447,10.02646,16924.0
3529,31.373380910007004,120.64548949871212,地税局（停用）,政府机构及社会团体,相城区,开发区,-24.79966,7.213911,49815.0
3530,31.37223586681548,120.64034559149387,区交巡警大队,政府机构及社会团体,相城区,开发区,-41.5317,10.368879,38306.0
3531,31.37119023290607,120.63077992728664,康桥丽都北门,商务住宅,相城区,元和街道,21.557257,38.70279,121963.0
3532,31.370189700733533,120.624360179573,元和街道办事处,商务住宅,相城区,元和街道,16.511358,29.948925,70177.0
3534,31.37587872928669,120.63860564502298,相城大道大润发,购物服务,相城区,开发区,28.105791,24.269218,174479.0
3535,31.373085948663913,120.62794405451734,奥食卡城美食,金融保险服务,相城区,元和街道,-19.201757,12.76938,37214.0
3539,31.378390040718088,120.63010998761814,绿色时光花园,商务住宅,相城区,元和街道,33.89525,4.9539933,135295.0
3540,31.37738250122701,120.62325526470198,知音别院北,商务住宅,相城区,元和街道,6.5550385,14.454647,60332.0
3541,31.377299282748385,120.61905039776646,嘉和丽园北门,科教文化服务,相城区,元和街道,24.1705,47.18038,138293.0
3543,31.379449565966137,120.60610048471571,春天花园都东门,商务住宅,相城区,元和街道,-4.663673,4.1467695,55349.0
3544,31.380958278073066,120.61053652043451,玉成家园南门,商务住宅,相城区,元和街道,7.7410398,-11.55347,72870.0
3545,31.366709973195853,120.62705005594758,阳澄湖中路2出口,商务住宅,相城区,元和街道,33.331203,23.296808,308492.0
3546,31.376169688314942,120.62550017175488,徐图港2号出口,商务住宅,相城区,元和街道,37.07416,29.537802,185543.0
3547,31.38671962060118,120.62709015271942,相城市民服务中心,科教文化服务,相城区,元和街道,18.497152,-5.192773,59185.0
3548,31.36739786843924,120.64905951841524,康景苑,政府机构及社会团体,相城区,开发区,-3.013021,22.31712,64395.0
3549,31.404061233658272,120.62513122793423,富元路2号出口,购物服务,相城区,元和街道,37.571415,12.768958,102887.0
3550,31.420485635939173,120.64226595803785,苏州北站南广场,商务住宅,相城区,苏州高铁新城,-1.0576516,8.18909,47798.0
3551,31.429707926759203,120.70084757963676,太平邻里中心,政府机构及社会团体,相城区,太平街道,-22.628113,-21.156448,28134.0
3552,31.433014015961515,120.68869802258163,产业园A区1,商务住宅,相城区,太平街道,-23.6531,-19.288301,17371.0
3553,31.43172430889371,120.69174988908432,产业园A区2,商务住宅,相城区,太平街道,-22.700605,-20.344912,16173.0
3554,31.381089495982298,120.62415024867286,元和之春东门,购物服务,相城区,元和街道,0.22084461,13.375015,51105.0
3555,31.37552271517295,120.62569016058096,徐图港站1,商务住宅,相城区,元和街道,26.70133,24.475471,242294.0
3556,31.36674013042003,120.62882998720023,阳澄湖中路站1,商务住宅,相城区,元和街道,12.445223,33.084026,186897.0
3557,31.386999364253807,120.62380028006905,蠡口站1号出口,科教文化服务,相城区,元和街道,11.072366,51.09474,92974.0
3558,31.386999320319696,120.62313030355223,蠡口站2号出口,科教文化服务,相城区,元和街道,-12.107025,25.647495,104355.0
3559,31.361630954772053,120.63878765545056,中翔电器城,商务住宅,相城区,元和街道,19.882647,34.85205,103965.0
3560,31.36760802897044,120.658957685702,依云水岸,政府机构及社会团体,相城区,元和街道,-12.696637,-3.467858,17285.0
3561,31.374091585273753,120.63575273879654,月星家居对面,商务住宅,相城区,元和街道,21.369383,39.561058,83840.0
3600,31.351429915921184,120.6250720300005,婚纱城,商务住宅,相城区,元和街道,-22.43107,8.275146,38837.0
3601,31.35883610138957,120.64365160271153,派客公寓,商务住宅,相城区,元和街道,-27.400108,25.407928,53055.0
3602,31.357200055660318,120.64017965507765,新尚广场,商务住宅,相城区,元和街道,3.4797688,41.398975,136345.0
3603,31.36766232003436,120.61397941327664,繁华中心南,商务住宅,相城区,元和街道,20.755556,-0.49572298,114170.0
3604,31.368333315449238,120.61380942228512,繁华中心北,商务住宅,相城区,元和街道,36.59061,34.34046,185313.0
3605,31.36640266701168,120.60533637646871,御园家园西区,商务住宅,相城区,元和街道,-4.8011546,7.8874154,57640.0
3606,31.366541623213855,120.60599038658684,御园家园东区,商务住宅,相城区,元和街道,7.3946695,11.464376,81505.0
3607,31.367786710291238,120.65156653562784,阳澄湖路227路旁,政府机构及社会团体,相城区,元和街道,-17.617645,-40.738518,10717.0
3608,31.365577947507486,120.63979961698568,家乐福,住宿服务,相城区,元和街道,23.869211,22.194782,92804.0
3609,31.364644822216512,120.63703969138436,凯翔北门,住宿服务,相城区,元和街道,38.60059,13.842469,150417.0
3610,31.37799583993567,120.64288453899452,德诚嘉元广场,政府机构及社会团体,相城区,开发区,52.903904,18.936077,96230.0
3611,31.3707129612647,120.62762105536363,康桥花园社区,商务住宅,相城区,元和街道,27.201576,30.982208,130445.0
3612,31.377278245622158,120.61780542819281,水韵花都,科教文化服务,相城区,元和街道,-28.522387,3.8405387,38613.0
3613,31.380381401724172,120.63483779726634,苏州家具博览中,购物服务,相城区,元和街道,-13.979675,5.371338,44561.0
3614,31.37977680680598,120.60318843638358,班芙春天二期南门,商务住宅,相城区,元和街道,-9.979994,-1.9775845,61863.0
3615,31.388978110396923,120.61956541023352,安元一期东门,购物服务,相城区,元和街道,-4.387075,8.065504,55076.0
3616,31.39075700645065,120.63228095637798,欧风商业街,购物服务,相城区,元和街道,-22.22312,16.699123,29434.0
3617,31.397974613892554,120.64332268820948,西子花园南门,公司企业,相城区,开发区,24.783792,6.7492943,53267.0
3618,31.39858135774215,120.63791181509443,泰元社区,公司企业,相城区,开发区,44.893284,43.39318,81280.0
3619,31.40047977925998,120.63111604422,采莲商业广场,购物服务,相城区,元和街道,12.7382,-7.345339,49900.0
3620,31.391648018043,120.61481948102477,玉成家园二期,购物服务,相城区,元和街道,6.741372,11.691401,69737.0
3621,31.376624064833173,120.67110192229951,学府公园,地名地址信息,相城区,元和街道,-21.921581,-2.342062,7483.0
3622,31.36145365973619,120.63414778352964,古巷二村西门,商务住宅,相城区,元和街道,35.128227,-0.10114944,102950.0
3623,31.36667358600763,120.62204123219152,万泾花园北门,商务住宅,相城区,元和街道,18.128778,25.680202,96235.0
3624,31.364794553332054,120.60717837594228,人民路与聚贤路口,商务住宅,相城区,元和街道,16.086025,-9.718925,76051.0
3625,31.36462025900784,120.59759320712696,文灵社区,商务住宅,相城区,元和街道,-3.0949504,19.298975,118487.0
3626,31.37104739059063,120.6099284651196,合景二期,商务住宅,相城区,元和街道,-12.001325,24.430271,64685.0
3627,31.372885480301644,120.60793447180357,合景六期,商务住宅,相城区,元和街道,-26.457373,-8.375909,20609.0
3628,31.38058607032953,120.67234992904892,相城职教中心,科教文化服务,相城区,元和街道,-42.343513,-7.8393793,10371.0
3629,31.380924175110078,120.61701646013444,水漾华城一期西门,购物服务,相城区,元和街道,2.9996636,32.138184,82123.0
3630,31.385166107488214,120.6741679519035,苏大阳澄湖校区,科教文化服务,相城区,太平街道,-23.819637,-7.937245,28811.0
3631,31.376506749674288,120.59154615428572,相韵花园北门,商务住宅,相城区,黄桥街道,2.6783175,2.1548152,65583.0
3632,31.39871873846149,120.63048106005766,安元四期西门,购物服务,相城区,元和街道,-5.8063254,7.653485,39223.0
3633,31.390489124895065,120.61157249853079,万科VC小镇,购物服务,相城区,元和街道,8.503943,-9.0636215,64244.0
3635,31.396147239647853,120.62408827408764,元和公园,购物服务,相城区,元和街道,6.8724484,10.210686,36188.0
3636,31.40021090694173,120.61630740704409,蠡口邮政局,住宿服务,相城区,元和街道,2.4519162,-15.009171,43621.0
3637,31.40403620537638,120.62474823770896,轨交富元路1号口,购物服务,相城区,元和街道,1.77474,-16.0189,26449.0
3638,31.40941384366379,120.61666830719246,元和交警队,地名地址信息,相城区,元和街道,-35.26395,-23.706478,4455.0
3641,31.42343366064344,120.64202997880828,苏州高铁北站西侧,商务住宅,相城区,苏州高铁新城,-14.633565,-11.742525,19311.0
3642,31.3726513447786,120.61885637269282,花好月圆,科教文化服务,相城区,元和街道,-0.7396667,9.703281,89360.0
3643,31.4093603527173,120.67386015633814,创意产业园B区,公司企业,相城区,太平街道,-19.725098,-19.462227,7383.0
3645,31.412720538756968,120.6517039078084,登云家园北门,商务住宅,相城区,开发区,0.5847917,-18.910875,34149.0
3646,31.373437870832838,120.60259540176074,聚茂街,商务住宅,相城区,元和街道,-6.4552727,-23.442677,25539.0
3647,31.417726637138234,120.62972509426076,大湾桥,科教文化服务,相城区,元和街道,-10.631368,-10.748972,10653.0
3648,31.376981255148692,120.65626055568698,227省道与华元路,地名地址信息,相城区,元和街道,-12.036655,-9.93978,15234.0
3649,31.38795249973981,120.66505578097578,苏州福利院,公司企业,相城区,太平街道,-33.325874,-29.904903,5105.0
3650,31.379498099357434,120.67093790533946,幼儿师范学院,科教文化服务,相城区,元和街道,-18.04674,-64.06325,12845.0
3651,31.38555760111173,120.65077050907648,红鼎湾,公司企业,相城区,开发区,8.663485,33.71958,34326.0
3652,31.35312976397778,120.62321708491652,轨交陆慕站3号口,商务住宅,相城区,元和街道,34.76546,34.658066,216947.0
3653,31.35061551467144,120.63161086537485,润南大厦,科教文化服务,相城区,元和街道,-16.23211,-41.36476,15253.0
3700,31.46340901643342,120.64922284758936,渭塘镇镇政府,政府机构及社会团体,相城区,渭塘镇,-36.68366,-12.439958,16413.0
3701,31.46210471901973,120.65335396135396,广播电视台,政府机构及社会团体,相城区,渭塘镇,-33.39479,-9.077839,12415.0
3702,31.46641608825963,120.64765277575451,渭星街渭鑫购物,住宿服务,相城区,渭塘镇,-34.541412,-9.643441,15939.0
3703,31.465801569577586,120.65484993590827,第二中学,科教文化服务,相城区,渭塘镇,-35.903103,-13.057198,18741.0
3704,31.46651694307815,120.66060908842465,珍珠湖公园,科教文化服务,相城区,渭塘镇,-34.785446,-13.881094,24311.0
3705,31.464146984252768,120.66034612413773,朗悦湾,科教文化服务,相城区,渭塘镇,-33.439278,-13.486834,19939.0
3706,31.46651729295779,120.66689225295781,珍珠城（停用）,商务住宅,相城区,渭塘镇,-35.485367,-13.361599,17830.0
3707,31.457490064072317,120.67110444277183,第三人民医院,商务住宅,相城区,渭塘镇,-33.37756,-13.341248,28471.0
3708,31.4738502218388,120.68527418498459,中汽零大厦,地名地址信息,相城区,渭塘镇,-37.28699,-43.557068,1709.0
3709,31.468266855271672,120.67789332026312,钻石小区,地名地址信息,相城区,渭塘镇,-28.191605,-16.867144,6015.0
5002,31.38344315926401,120.63257090588834,新天地家具公交站,购物服务,相城区,元和街道,-22.334106,16.603254,32489.0
5003,31.387315101719853,120.63271692011612,汇海隆家具公交站,购物服务,相城区,元和街道,-20.812054,-0.7460618,28790.0
5004,31.409564599786574,120.62964010425146,相城大道太阳路口,购物服务,相城区,元和街道,-23.361147,-13.468825,14186.0
5005,31.4283879543994,120.63167204252451,北河泾服务中心,公司企业,相城区,元和街道,-28.254864,-38.953934,4349.0
5006,31.43214109703913,120.63249302340913,花木城公交站,公司企业,相城区,元和街道,-21.586323,-1.9036504,11106.0
5007,31.361836141570024,120.62826098647908,澄和家园西门,商务住宅,相城区,元和街道,-31.226763,11.772875,90233.0
5008,31.35632020013641,120.62840096032093,香城花园四期东门,商务住宅,相城区,元和街道,-11.752828,-13.70011,51703.0
5009,31.38626223658381,120.62145235719088,书香苑小区,科教文化服务,相城区,元和街道,-11.295294,10.182634,50804.0
5010,31.378037463352534,120.5958592606315,尚景湾东门,商务住宅,相城区,元和街道,2.4287763,-14.465215,60608.0
5011,31.353455390396466,120.61142022023935,平门塘大桥公交站,地名地址信息,相城区,元和街道,-9.218055,17.345564,32376.0
5012,31.364070428594445,120.60983538235728,峰汇苑九期西门,商务住宅,相城区,元和街道,-14.372414,16.584822,87421.0
5013,31.37291526874859,120.61424146084605,水漾华城东门,科教文化服务,相城区,元和街道,-9.469247,34.88378,95577.0
5014,31.38897335211027,120.60797848409157,康桥溪岸花园,地名地址信息,相城区,元和街道,-9.5999365,-3.6373239,55065.0
5015,31.38475841601993,120.60760449962136,金御华府,商务住宅,相城区,元和街道,7.4803658,-9.462431,40206.0
5016,31.377859442289356,120.60802850122136,橡树湾南门,商务住宅,相城区,元和街道,2.8030074,-3.7046428,46462.0
5017,31.3746709104068,120.65993464925562,徐阳路依云水岸,地名地址信息,相城区,开发区,6.921651,-16.915714,51077.0
5018,31.40398191164837,120.63283700334013,康宁护理院,公司企业,相城区,元和街道,-16.744637,3.1721134,25355.0
5019,31.39600645851996,120.66661688926693,227与富元路口,公司企业,相城区,太平街道,-27.83594,-23.064236,10619.0
5020,31.407331563083325,120.64244181816734,澄阳小学西侧,公司企业,相城区,开发区,0.5743549,-18.221132,13391.0
5021,31.36838649924307,120.63334481679254,澄和路纪元路口,商务住宅,相城区,元和街道,18.848312,13.689685,62328.0
5022,31.388291760931786,120.62904807782492,万宇名城花都,科教文化服务,相城区,元和街道,-30.344551,11.238659,49472.0
5023,31.391513685835253,120.6288100992889,中汇晨曦怡庭,购物服务,相城区,元和街道,-9.179768,31.734516,64951.0
5025,31.36979644747489,120.62032231008808,中翔时尚广场,商务住宅,相城区,元和街道,26.990421,17.918835,90011.0
5026,31.43414474111989,120.68571915196829,太平金莲路泰和郡,商务住宅,相城区,太平街道,-22.490477,-20.272753,26755.0
5027,31.36151560287828,120.59176805000351,相城运政指挥中心,地名地址信息,相城区,元和街道,-18.215378,3.1957202,33381.0
5028,31.37196593619308,120.64484050866938,相城区信访局,政府机构及社会团体,相城区,开发区,-43.59655,-1.8199726,14007.0
5029,31.38552920097587,120.59893231975157,裕沁庭,商务住宅,相城区,元和街道,-25.95112,-15.56608,15037.0
5030,31.40384483209385,120.6319570293386,泰元家园一区北门,购物服务,相城区,开发区,11.971818,-17.576797,45788.0
5031,31.389836465190434,120.60644045677229,永隆金街,商务住宅,相城区,元和街道,-6.6745577,-4.3772373,55515.0
5033,31.373747077665488,120.60019735330671,活力岛1号口,商务住宅,相城区,元和街道,-10.566365,6.1751804,55930.0
5034,31.373720049116066,120.60052436044708,活力岛3号口,商务住宅,相城区,元和街道,50.155262,13.345404,163943.0
5035,31.36195288980465,120.6022092620566,孙武纪念园1号口,商务住宅,相城区,元和街道,18.601336,27.687399,126990.0
5036,31.389392264804105,120.59826627075478,姚祥站1号口,公司企业,相城区,元和街道,-28.132036,17.83773,53527.0
5037,31.39005624468325,120.5984592694667,姚祥站3号口,公司企业,相城区,元和街道,51.074787,11.897895,81888.0
5038,31.36218576459936,120.60391429503288,孙武纪念园2b口,商务住宅,相城区,元和街道,50.86598,12.13843,83153.0
5039,31.403078488654998,120.60513826199713,龙道浜站2号口,公司企业,相城区,元和街道,-8.346981,-64.23181,6765.0
5040,31.402874569724013,120.60434124601342,龙道浜站1号口,公司企业,相城区,元和街道,-36.33519,-49.716824,1387.0
5041,31.39762329897325,120.5978011514317,张庄站东,公司企业,相城区,黄桥街道,-28.072092,-14.79829,8595.0
5042,31.39750031510512,120.59765114901093,张庄站西,公司企业,相城区,黄桥街道,-31.95063,-16.87091,3552.0
5043,31.42562965402246,120.6947617617074,花溇村,地名地址信息,相城区,太平街道,-31.27368,-55.654053,628.0
5100,31.378874897719196,120.58232200176128,黄桥镇政府停用,政府机构及社会团体,相城区,黄桥街道,-31.985853,-7.777962,36491.0
5101,31.386253029602365,120.58638001001152,黄桥农贸市场,公司企业,相城区,黄桥街道,-0.00028051995,-14.274437,22787.0
5102,31.38626203692777,120.5840939772348,荷馨苑北门,公司企业,相城区,黄桥街道,-0.21323133,-12.472533,22570.0
5200,31.517463276909517,120.75659284375295,阳澄湖陆巷镇政府,地名地址信息,相城区,阳澄湖镇,-38.51329,-40.988865,1742.0
5201,31.492505024299607,120.7207953588417,阳澄湖湘苑一区,地名地址信息,相城区,阳澄湖镇,-36.16941,-4.4191513,12870.0
5202,31.493163710829617,120.72455043519899,阳澄湖湘苑二区,政府机构及社会团体,相城区,阳澄湖镇,-25.017004,-3.4647915,23402.0
5203,31.494285389836048,120.72937849186165,阳澄湖虹桥菜场,政府机构及社会团体,相城区,阳澄湖镇,-35.280872,-17.973854,14205.0
5204,31.4936485535783,120.72667346731346,阳澄湖汽车站,科教文化服务,相城区,阳澄湖镇,-35.948692,-19.43027,4981.0
5205,31.488113744260783,120.70985108457882,阳澄湖紫薇园停用,公司企业,相城区,阳澄湖镇,-42.32185,-38.904446,1982.0
5206,31.483031156175986,120.71883721155208,阳澄湖财政所门口,公司企业,相城区,阳澄湖镇,-26.329535,-20.004105,7960.0
5207,31.48685577062805,120.72386936133776,阳澄湖镇镇政府,政府机构及社会团体,相城区,阳澄湖镇,-33.47458,-8.682094,16856.0
5208,31.485945352856998,120.73200940812916,阳澄湖家润多超市,商务住宅,相城区,阳澄湖镇,-29.393503,-12.29759,22364.0
5209,31.48226035091442,120.7342653457482,阳澄湖医院,商务住宅,相城区,阳澄湖镇,-35.336514,-22.027023,5152.0
5210,31.494126162190035,120.75056994812472,阳澄湖澄苑一区,地名地址信息,相城区,阳澄湖镇,-38.87038,-18.756609,10146.0
5211,31.49775233643903,120.78638780622386,阳澄湖配载中心,地名地址信息,相城区,阳澄湖镇,-35.761898,-50.236935,1302.0
5212,31.51183325079332,120.797408996458,阳澄湖东盛链造,地名地址信息,相城区,阳澄湖镇,-38.126415,-43.37911,982.0
5213,31.499015040152642,120.81059700205456,阳澄湖农产业园,地名地址信息,相城区,阳澄湖镇,-38.329494,-54.28292,235.0
5214,31.50655816550741,120.71929132263108,人才公寓,公司企业,相城区,阳澄湖镇,-1.7148379,3.0550542,15601.0
5215,31.496682022980405,120.79740301921377,阳澄湖镇车渡村,地名地址信息,相城区,阳澄湖镇,-38.329185,-45.434364,1261.0
5216,31.50905018944579,120.77666360309576,阳澄湖镇北前村,地名地址信息,相城区,阳澄湖镇,-37.89552,-47.385563,533.0
5217,31.49608727104256,120.73823441327228,阳澄湖镇十图村,公司企业,相城区,阳澄湖镇,-35.65359,-21.699547,5082.0
5218,31.51541604237281,120.73211846384804,阳澄湖镇岸山村,公司企业,相城区,阳澄湖镇,-16.718906,-43.274918,2103.0
5219,31.4860801186711,120.74859799323328,阳澄湖镇圣堂村,地名地址信息,相城区,阳澄湖镇,-34.75807,-32.08918,2912.0
5220,31.488847761953522,120.70272100655242,阳澄湖镇枪堂村停,公司企业,相城区,阳澄湖镇,-39.37296,-42.09097,1165.0
5221,31.46776567869359,120.72438404217912,阳澄湖镇戴娄村,地名地址信息,相城区,阳澄湖镇,-38.811573,-53.13307,567.0
5222,31.51167831954639,120.79912500116673,消泾村,地名地址信息,相城区,阳澄湖镇,-37.09615,-23.946169,1638.0
5300,31.45972763404575,120.5875076750686,漕湖人才市场,公司企业,相城区,开发区,-33.779358,-11.639215,14228.0
5301,31.46041929785269,120.6124050330264,漕湖花园一区南门,地名地址信息,相城区,开发区,-29.669588,-15.457924,15170.0
5302,31.468556376137162,120.61589814420374,漕湖花园七区北门,商务住宅,相城区,开发区,-28.895155,-15.903195,18514.0
5303,31.468741893040253,120.6248660209878,漕湖邻里中心,公司企业,相城区,开发区,-32.91843,-16.135504,23260.0
5304,31.45747261643117,120.62253900689379,漕湖大厦,商务住宅,相城区,开发区,-36.721153,-46.507607,3389.0
5305,31.449493238958226,120.61791199318056,永昌泾花苑,地名地址信息,相城区,开发区,-29.626024,-7.174176,9127.0
5401,31.38729546391777,120.59619523212477,招商依云华苑,公司企业,相城区,元和街道,-8.903164,-12.60083,20657.0
5402,31.389152553073487,120.59525118891459,姚祥村公交站,公司企业,相城区,元和街道,-13.525249,-33.48602,5402.0
5403,31.42218144230525,120.63834398551052,圆融广场,商务住宅,相城区,苏州高铁新城,-28.126015,-11.309274,42128.0
5405,31.38296199794036,120.58579002368549,荷馨苑南门,商务住宅,相城区,黄桥街道,-0.5240553,-12.324505,20897.0
5406,31.422925084725538,120.63387002982272,鑫之苑花园,商务住宅,相城区,元和街道,-21.685108,-4.7260313,16353.0
5407,31.436263225831798,120.65847632447534,骑河路站,交通设施服务,相城区,苏州高铁新城,-14.423825,-10.084433,22116.0
5408,31.429469691925693,120.6513071202476,富翔路站,地名地址信息,相城区,苏州高铁新城,-12.463933,-38.12064,4414.0
5409,31.404499433805924,120.62761815971108,富元家园,购物服务,相城区,元和街道,-12.202088,3.7465277,45415.0
5410,31.37137596485908,120.60148036408036,水韵花都二期,商务住宅,相城区,元和街道,-12.796327,0.63671446,37527.0
5411,31.36201699373845,120.62662304485698,日益家园,商务住宅,相城区,元和街道,4.946765,-7.394104,44567.0
5412,31.374053471788397,120.60796348069704,水漾华城商业广场,商务住宅,相城区,元和街道,-23.46649,-16.072498,24585.0
5413,31.37850787380313,120.60247542055149,华润城立方南区,商务住宅,相城区,元和街道,0.20783955,-7.371178,46047.0
5415,31.379754978845448,120.6013003961548,华润城立方北区,商务住宅,相城区,元和街道,-8.15697,-17.075617,22299.0
5416,31.387406596812955,120.60511845121201,金御华府西门,商务住宅,相城区,元和街道,-6.852355,-17.960135,25141.0
5417,31.38793719382605,120.61071750998079,玉成家园三期南门,商务住宅,相城区,元和街道,-23.507547,-17.181868,15479.0
5418,31.364728358476118,120.61225438990714,合景八期东门,商务住宅,相城区,元和街道,-1.5747124,-8.029588,23149.0
5419,31.41332417762412,120.62469419624388,元和文创园,购物服务,相城区,元和街道,-12.852737,-22.41844,7618.0
5420,31.413685616236485,120.64968390221891,金科观天下,商务住宅,相城区,开发区,-13.757322,-55.887,9509.0
5526,31.43755849096685,120.47351050639358,越海物流,地名地址信息,相城区,望亭镇,-25.857025,-43.291573,3257.0
5527,31.432486417307768,120.44049832604641,望亭汽车客运站,政府机构及社会团体,相城区,望亭镇,-32.541374,-16.207664,7992.0
5528,31.40914657404068,120.41027683185189,御田农庄,地名地址信息,相城区,望亭镇,-41.78942,-18.376339,11697.0
5529,31.41971053034091,120.45235884049065,望亭明珠商业广场,商务住宅,相城区,望亭镇,-42.680626,-18.273525,20693.0
5530,31.42911275350575,120.44483915454005,望亭工商银行停用,政府机构及社会团体,相城区,望亭镇,-41.913578,-18.358862,8172.0
5610,31.50478782278383,120.60281241931585,漕湖医院,政府机构及社会团体,相城区,北桥街道,-29.972616,-46.31535,3066.0
5611,31.510605724008798,120.60354139483357,盛北花园东区南门,商务住宅,相城区,北桥街道,-30.86748,-47.19255,3844.0
5612,31.513071451999767,120.59638117493972,盛北花园五期北门,商务住宅,相城区,北桥街道,-30.96603,-44.77288,2057.0
5613,31.49036169037606,120.63631171102293,庄基社区,公司企业,相城区,北桥街道,-30.841469,-43.98039,730.0
5614,31.513643268494768,120.59818421926953,盛北社区,商务住宅,相城区,北桥街道,-30.194853,-46.324127,2620.0
5615,31.53005911072839,120.62379723172728,牧谷农场,地名地址信息,相城区,北桥街道,-37.466267,-53.81581,270.0
5616,31.52963884385796,120.6172903053221,灵峰社区,公司企业,相城区,北桥街道,-27.742838,-49.86355,809.0
5617,31.496779696921028,120.63824765743324,石桥社区,地名地址信息,相城区,北桥街道,-40.36621,-56.194233,256.0
5618,31.495823087852486,120.60011336125044,漕湖新呈花园,地名地址信息,相城区,北桥街道,-30.81279,-48.26887,1700.0
5619,31.499189820849534,120.603042433444,739路公交站,政府机构及社会团体,相城区,北桥街道,-30.522766,-46.313007,1366.0
5620,31.49594149515991,120.60737148826271,漕运花园北门,公司企业,相城区,北桥街道,-30.876738,-46.27345,1555.0
5800,31.435052510972948,120.57496277084849,憧憬花园东门,公司企业,相城区,黄埭镇,-25.853539,-13.120986,4006.0
5801,31.44333349214444,120.5646812375381,玉莲新村东门停用,地名地址信息,相城区,黄埭镇,-41.86553,-47.49294,5267.0
5802,31.433874299845204,120.55809240066368,黄埭镇政府,政府机构及社会团体,相城区,黄埭镇,-28.206354,-5.4631057,21653.0
5803,31.426904327528373,120.55553138500947,冠城水岸,住宿服务,相城区,黄埭镇,-35.195053,9.020125,24931.0
5804,31.43290898400854,120.56831503814364,青龙,政府机构及社会团体,相城区,黄埭镇,-25.886946,-41.832413,4056.0
5805,31.429391427298018,120.55984031991831,方桥路加油站,政府机构及社会团体,相城区,黄埭镇,-27.599377,-4.0956345,10611.0
5806,31.43143728473084,120.55358345488486,新黄埭大酒店,住宿服务,相城区,黄埭镇,-30.164875,-2.2211263,23283.0
5807,31.432802267641016,120.55393346334981,农贸市场南门,餐饮服务,相城区,黄埭镇,-25.755762,-43.307873,2133.0
5808,31.434386311560374,120.55868538986408,黄埭镇苏州银行,政府机构及社会团体,相城区,黄埭镇,-28.237427,-3.2800703,31804.0
5811,31.43531758573848,120.54602546941021,康阳大厦,金融保险服务,相城区,黄埭镇,-27.686823,-3.0057778,49037.0
5812,31.445301221738266,120.55060452214556,黄埭客运站,公司企业,相城区,黄埭镇,-30.133553,-2.2117257,27047.0
5813,31.440805165807085,120.55639247303525,黄埭幼儿园,科教文化服务,相城区,黄埭镇,-29.238483,-5.7236886,14292.0
5815,31.43245639018117,120.5599403421821,国税局,政府机构及社会团体,相城区,黄埭镇,-27.759874,-5.156024,15610.0
5816,31.43437224651289,120.55456046827422,农贸市场北门,商务住宅,相城区,黄埭镇,-26.046776,-12.923587,10018.0
5817,31.43724831201661,120.550454510527,潘阳新村,商务住宅,相城区,黄埭镇,-30.150019,-5.5558786,15337.0
5820,31.441344221197053,120.5386183315188,古宫新村,公司企业,相城区,黄埭镇,-27.83836,-3.9159517,19209.0
5821,31.4249623998611,120.53560616481263,咏春花苑,公司企业,相城区,黄埭镇,-30.503199,-5.5023127,5913.0
5822,31.42963194498948,120.51136704070929,人民路长康路停用,科教文化服务,相城区,黄埭镇,-38.937614,-47.035423,5515.0
5823,31.430447292569546,120.50412108263815,东桥卫生院(停用,公司企业,相城区,黄埭镇,-38.73347,-51.63106,569.0
5824,31.42483245806366,120.50701810135374,金龙花园,公司企业,相城区,黄埭镇,-37.93273,-23.325195,3977.0
5839,31.42666954947337,120.54705939761534,新浦东大酒店,公司企业,相城区,黄埭镇,-29.254053,-17.805325,7370.0
5845,31.44405715791284,120.55863243327666,玉莲新村西门,科教文化服务,相城区,黄埭镇,-32.607807,-14.356189,18152.0
5849,31.416856647039317,120.56174715072129,黄埭澜湾花园,地名地址信息,相城区,黄埭镇,-35.182777,8.938926,24257.0
20001,31.357703787869628,120.60343021169798,孙武纪念园,商务住宅,相城区,元和街道,-24.558455,-53.4893,824.0
20002,31.36471252438229,120.62064525529242,紫玉花园东门,住宿服务,相城区,元和街道,-18.329975,-59.479008,5182.0
20003,31.36518452339301,120.6207152578515,万泾花园西门,金融保险服务,相城区,元和街道,-14.1928215,-53.12013,4992.0
20004,31.356004372510515,120.61305326080699,花南家园北门,商务住宅,相城区,元和街道,-16.66904,-57.82448,8158.0
20005,31.36490036331981,120.6165143481374,乾唐墅东门,科教文化服务,相城区,元和街道,-25.789968,-59.47496,1066.0
20006,31.3735997581712,120.58088900430408,体育活动中心,科教文化服务,相城区,黄桥街道,-24.94601,-58.531857,2805.0
20007,31.38066041277469,120.6081515086608,橡树湾北门,商务住宅,相城区,元和街道,-14.838092,-56.79138,7189.0
20008,31.383137487604852,120.595812248597,文化宫,公司企业,相城区,元和街道,-25.299047,-54.927094,1276.0
20009,31.410958968410807,120.61130525014008,福格尔名车广场,地名地址信息,相城区,元和街道,-9.840298,-53.272213,3065.0
20010,31.410561265899855,120.62585218868419,太阳路采莲路西,购物服务,相城区,元和街道,-19.75123,-57.807888,2224.0
20011,31.41105117773909,120.62472020828598,太阳路采莲路东,购物服务,相城区,元和街道,-19.875565,-47.854626,1501.0
20012,31.410825893245818,120.6327680303851,汽车城太阳路西,公司企业,相城区,元和街道,-27.2087,-56.055424,1207.0
20013,31.39199539900929,120.66708985649292,广济医院,公司企业,相城区,太平街道,-20.463007,-56.239414,1247.0
20014,31.411323154959913,120.58303868102509,荷塘月色,公司企业,相城区,黄桥街道,-21.028612,-62.148613,826.0
20016,31.42589683359937,120.60095575446607,花卉植物园北门,地名地址信息,相城区,元和街道,-23.050068,-51.579845,832.0
20017,31.42390520937093,120.6075069657175,生态园管委会,政府机构及社会团体,相城区,元和街道,-18.210148,-53.09914,1601.0
20018,31.42789012797673,120.6087909454914,施秦巷体育学校,科教文化服务,相城区,元和街道,-21.70103,-51.744404,1326.0
20019,31.42368982226132,120.63101106260427,胡巷公交站西,商务住宅,相城区,元和街道,-27.466246,-54.294544,874.0
20020,31.39058223571505,120.62273831977829,朱巷农贸市场,科教文化服务,相城区,元和街道,-19.162985,-51.365074,2083.0
20021,31.369593865727573,120.64861150150465,南亚花园南门,政府机构及社会团体,相城区,开发区,-15.070558,-54.84471,5154.0
20022,31.37471078821557,120.63941161845769,华元路大润发,购物服务,相城区,开发区,-15.346364,-59.715374,9437.0
20023,31.39412466698323,120.64522861538622,澄阳科创园,公司企业,相城区,开发区,-9.464965,-55.600113,5865.0
20024,31.413629354611484,120.65520597682428,天成大厦,地名地址信息,相城区,开发区,-9.527505,-53.67234,5151.0
20026,31.423572603378204,120.65204307677321,高铁消防中心,交通设施服务,相城区,苏州高铁新城,-38.07042,-55.142857,242.0
20027,31.368671962063175,120.64607851130958,司法局,政府机构及社会团体,相城区,开发区,-21.586344,-47.617706,953.0
22001,31.45723328121376,120.61148898676923,漕湖学校,地名地址信息,相城区,开发区,-27.793335,-57.55612,362.0
22002,31.46541052938029,120.62011607632977,漕湖花园二社区,商务住宅,相城区,开发区,-25.307247,-56.21383,2126.0
22003,31.46175150115259,120.62012504787896,西交大,商务住宅,相城区,开发区,-29.511244,-58.769684,818.0
22004,31.44545643036285,120.57644776199044,漕湖楼氏电子,地名地址信息,相城区,开发区,-28.35516,-52.12541,1146.0
23001,31.420001948030123,120.49158511384238,黄埭中科院,地名地址信息,相城区,黄埭镇,-23.213621,-59.079082,1345.0
23002,31.42968212297605,120.51321102642788,长旺路泰安桥北,科教文化服务,相城区,黄埭镇,-24.068832,-57.307053,1394.0
23003,31.429729805146565,120.52790706210688,黄埭建通光电,公司企业,相城区,黄埭镇,-24.204626,-61.579807,3766.0
23004,31.43607458853623,120.5641822232407,黄埭城管局,科教文化服务,相城区,黄埭镇,-27.03643,-53.37509,902.0
23005,31.44619978079115,120.54309942271006,三岛湿地公园,地名地址信息,相城区,黄埭镇,-26.915165,-57.753136,1195.0
23006,31.439709018950573,120.54077538605226,黄埭文体公园,科教文化服务,相城区,黄埭镇,-13.431843,-54.40656,3962.0
23007,31.45018306364461,120.55322350242795,欧菲光科技公司,公司企业,相城区,黄埭镇,-4.97436,-57.213184,12111.0
23008,31.431872436992645,120.53569123400592,住友电装公交站,公司企业,相城区,黄埭镇,-17.241594,-56.229187,4656.0
23009,31.435592756203427,120.52017999730866,泰安小区,公司企业,相城区,黄埭镇,-17.060799,-54.30011,3030.0
24001,31.401739636295858,120.72375725044519,清树湾警务室,餐饮服务,相城区,阳澄湖生态休闲旅游度假区,-28.513302,-54.794437,751.0
24002,31.437699686790012,120.75835798670076,东渡,餐饮服务,相城区,阳澄湖生态休闲旅游度假区,-23.872053,-49.596405,766.0
24003,31.42065213304958,120.74357415923521,咀巷浜,地名地址信息,相城区,阳澄湖生态休闲旅游度假区,-25.092203,-52.528675,394.0
24004,31.46348795062038,120.78067514558458,交通运输局,政府机构及社会团体,相城区,阳澄湖生态休闲旅游度假区,-25.350763,-60.950466,1247.0
24005,31.448988684101682,120.77362915131546,莲花岛南码头,餐饮服务,相城区,阳澄湖生态休闲旅游度假区,-23.882689,-53.777756,1010.0
24006,31.4886454455803,120.81711200490959,莲花岛北码头,地名地址信息,相城区,阳澄湖生态休闲旅游度假区,-25.32984,-49.299343,1143.0
24007,31.468979211381523,120.81643693816116,莲花岛药师庙,餐饮服务,相城区,阳澄湖生态休闲旅游度假区,-24.240257,-51.40851,1152.0
24008,31.43987040634861,120.80250830445057,莲花岛怡园,餐饮服务,相城区,阳澄湖生态休闲旅游度假区,-23.7675,-49.986202,1709.0
24009,31.49085176771009,120.75767366621835,湖畔花园,地名地址信息,相城区,阳澄湖生态休闲旅游度假区,-26.045277,-57.38709,1157.0
24010,31.48691066502441,120.7723165519438,洋沟溇村,地名地址信息,相城区,阳澄湖生态休闲旅游度假区,-26.609863,-54.57383,604.0
25001,31.389983050586128,120.58712398803273,康复医院,公司企业,相城区,黄桥街道,-19.511412,-56.87048,2452.0
25002,31.399538023731786,120.58912090052591,荷美名邸,公司企业,相城区,黄桥街道,-21.403059,-54.436283,1959.0
27001,31.472139542473283,120.66402208053518,渭塘玉盘花园,地名地址信息,相城区,渭塘镇,-21.31342,-58.8592,1852.0
27002,31.494356171218985,120.68155005751531,渭塘乡情馆,地名地址信息,相城区,渭塘镇,-39.542713,-55.3437,95.0
29001,31.42269858998853,120.45346380513685,紫薇花园,科教文化服务,相城区,望亭镇,-25.63022,-58.99396,934.0
29002,31.42189802578631,120.44698103169355,望亭文体中心,科教文化服务,相城区,望亭镇,-27.058792,-60.9531,1000.0
29003,31.42767233089521,120.43622838245814,果园社区,政府机构及社会团体,相城区,望亭镇,-27.337952,-61.21991,2397.0
29004,31.420334759225785,120.44360113108972,丽都生活广场,公司企业,相城区,望亭镇,-19.595947,-53.87844,3450.0
29005,31.43373669007299,120.44498017866314,望亭老镇区,政府机构及社会团体,相城区,望亭镇,-29.831345,-59.22737,654.0
29006,31.4167290640752,120.44694000648188,望亭中医院,公司企业,相城区,望亭镇,-22.95067,-53.66873,1026.0
29007,31.41176963020861,120.40853986334459,仁巷,地名地址信息,相城区,望亭镇,-31.743681,-55.914818,545.0
29008,31.417703605940904,120.41083097720386,望湖湾,地名地址信息,相城区,望亭镇,-23.77425,-52.33294,678.0
5001,31.36895080574679,120.63785666218452,天虹百货,政府机构及社会团体,相城区,开发区,-8.445242,-59.058643,32893.0
